{"text": "\u3093\u3042\u304a\u306f\u3088\u3046\u3054\u3056\u3044\u307e\u3059 \u3048\u30fc\u4eca\u65e5\u306f\u306d\u30fc\u4eca\u65e5 \u4eca\u65e5 \u3061\u3087\u3063\u3068\u5f85\u3063\u3066\u5589\u304b\u3086\u30fc\u308f\u5589\u304b\u3086\u30fc \u5bd2\u98a8\u75c7\u3067\u76ee\u3068\u5589\u304c\u304b\u3086\u30fc \u982d\u3082\u75db\u3044\u304a\u306f\u3088\u3046\u8aad\u307f\u4e0a\u3052\u4f7f\u3046\u304b\u7c89\u6d41\u304c\u306d \u3055\u3063\u304d\u7834\u88c2\u3057\u3066\u6cbb\u3063\u305f\u4eca\u6669\u5e95\u5f35\u3063\u3066\u308b\u3051\u3069\u3082\u3046\u5b8c\u5168\u306b\u6cbb\u3063\u305f\u308f\u3082\u3046 \u7570\u7269\u611f\u304c\u306a\u3044\u3082\u3093\u3093\u3053\u308c\u304b\u3089\u306d\u50d5\u306f\u306d \u8ffd\u52a0\u3059\u3067\u7d30\u3005\u3068\u3084\u3063\u3066\u3044\u304f\u308f\u3042\u306e\u3055\u8ffd\u52a0\u3059\u3063\u3066\u3055 \u30b5\u30dd\u30fc\u30bf\u30fc\u9650\u5b9a\u3068\u304b\u3067\u304d\u306a\u3044\u306e\u3053\u3093\u306b\u3061\u306f\u30ad\u30e3\u30b9\u3063\u3066\u3055\u30fc \u306a\u3093\u3060\u3063\u3051\u30b5\u30dd\u30fc\u30bf\u30fc\u9650\u5b9a\u3063\u3066\u3067\u304d\u306a\u3044\u306e\u3067\u304d\u308b\u306e \u3084\u308a\u65b9\u304c\u3088\u304f\u308f\u304b\u3093\u306a\u3044\u3093\u3060\u3051\u3069\u30b0\u30eb\u30fc\u30d7\u30ad\u30e3\u30b9\u3061\u3087\u3063\u3068\u5f85\u3063\u3066\u3053\u308c\u304b\u30b0\u30eb\u30fc\u30d7\u3061\u3087\u3063\u3068\u5f85\u3063\u3066\u4e00\u65e6\u7d42\u308f\u308b\u308f", "segments": [{"id": 0, "seek": 0, "start": 0.0, "end": 2.0, "text": "\u3093", "tokens": [50364, 3225, 50464], "temperature": 0.0, "avg_logprob": -0.8293228679233127, "compression_ratio": 0.8870967741935484, "no_speech_prob": 0.18699637055397034}, {"id": 1, "seek": 0, "start": 24.0, "end": 29.240000000000002, "text": "\u3042\u304a\u306f\u3088\u3046\u3054\u3056\u3044\u307e\u3059 \u3048\u30fc\u4eca\u65e5\u306f\u306d\u30fc", "tokens": [51564, 3590, 6117, 3065, 17010, 43808, 2605, 230, 3384, 43791, 5555, 3384, 51826], "temperature": 0.0, "avg_logprob": -0.8293228679233127, "compression_ratio": 0.8870967741935484, "no_speech_prob": 0.18699637055397034}, {"id": 2, "seek": 2924, "start": 29.759999999999998, "end": 35.56, "text": "\u4eca\u65e5 \u4eca\u65e5 \u3061\u3087\u3063\u3068\u5f85\u3063\u3066\u5589\u304b\u3086\u30fc\u308f", "tokens": [50390, 26259, 220, 26259, 44692, 8744, 13137, 33393, 5234, 231, 3703, 34072, 3384, 9206, 50680], "temperature": 0.0, "avg_logprob": -0.5827414064991231, "compression_ratio": 1.198019801980198, "no_speech_prob": 0.023639148101210594}, {"id": 3, "seek": 2924, "start": 35.56, "end": 42.839999999999996, "text": "\u5589\u304b\u3086\u30fc \u5bd2\u98a8\u75c7\u3067\u76ee\u3068\u5589\u304c\u304b\u3086\u30fc \u982d\u3082\u75db\u3044", "tokens": [50680, 5234, 231, 3703, 34072, 3384, 220, 4510, 240, 22713, 15553, 229, 2474, 11386, 3193, 5234, 231, 5142, 3703, 34072, 3384, 220, 19921, 4801, 28737, 1764, 51044], "temperature": 0.0, "avg_logprob": -0.5827414064991231, "compression_ratio": 1.198019801980198, "no_speech_prob": 0.023639148101210594}, {"id": 4, "seek": 2924, "start": 46.239999999999995, "end": 48.76, "text": "\u304a\u306f\u3088\u3046", "tokens": [51214, 6117, 3065, 17010, 51340], "temperature": 0.0, "avg_logprob": -0.5827414064991231, "compression_ratio": 1.198019801980198, "no_speech_prob": 0.023639148101210594}, {"id": 5, "seek": 4876, "start": 49.48, "end": 52.44, "text": "\u8aad\u307f\u4e0a\u3052\u4f7f\u3046\u304b", "tokens": [50400, 3549, 255, 11362, 5708, 26012, 22982, 2646, 3703, 50548], "temperature": 0.0, "avg_logprob": -0.5335685383189809, "compression_ratio": 1.1732283464566928, "no_speech_prob": 0.03207207843661308}, {"id": 6, "seek": 4876, "start": 52.76, "end": 58.96, "text": "\u7c89\u6d41\u304c\u306d \u3055\u3063\u304d\u7834\u88c2\u3057\u3066\u6cbb\u3063\u305f", "tokens": [50564, 32993, 27854, 5142, 5555, 47231, 2970, 7016, 39560, 8083, 224, 8822, 30118, 10102, 50874], "temperature": 0.0, "avg_logprob": -0.5335685383189809, "compression_ratio": 1.1732283464566928, "no_speech_prob": 0.03207207843661308}, {"id": 7, "seek": 4876, "start": 58.96, "end": 62.64, "text": "\u4eca\u6669\u5e95\u5f35\u3063\u3066\u308b\u3051\u3069", "tokens": [50874, 6480, 5094, 102, 22816, 18889, 45350, 21891, 51058], "temperature": 0.0, "avg_logprob": -0.5335685383189809, "compression_ratio": 1.1732283464566928, "no_speech_prob": 0.03207207843661308}, {"id": 8, "seek": 4876, "start": 66.47999999999999, "end": 69.8, "text": "\u3082\u3046\u5b8c\u5168\u306b\u6cbb\u3063\u305f\u308f", "tokens": [51250, 16324, 37100, 4108, 30118, 10102, 9206, 51416], "temperature": 0.0, "avg_logprob": -0.5335685383189809, "compression_ratio": 1.1732283464566928, "no_speech_prob": 0.03207207843661308}, {"id": 9, "seek": 4876, "start": 73.52, "end": 78.12, "text": "\u3082\u3046 \u7570\u7269\u611f\u304c\u306a\u3044\u3082\u3093", "tokens": [51602, 16324, 220, 6904, 108, 23516, 9709, 5142, 9311, 4801, 3225, 51832], "temperature": 0.0, "avg_logprob": -0.5335685383189809, "compression_ratio": 1.1732283464566928, "no_speech_prob": 0.03207207843661308}, {"id": 10, "seek": 7876, "start": 79.76, "end": 81.76, "text": "\u3093", "tokens": [50414, 3225, 50514], "temperature": 0.0, "avg_logprob": -0.4810225304136885, "compression_ratio": 1.2258064516129032, "no_speech_prob": 0.007118747569620609}, {"id": 11, "seek": 7876, "start": 82.80000000000001, "end": 90.96000000000001, "text": "\u3053\u308c\u304b\u3089\u306d\u50d5\u306f\u306d \u8ffd\u52a0\u3059\u3067\u7d30\u3005\u3068\u3084\u3063\u3066\u3044\u304f\u308f", "tokens": [50566, 9329, 11046, 5555, 28546, 3065, 5555, 220, 39947, 9990, 2659, 2474, 41588, 45032, 3193, 31497, 49394, 9206, 50974], "temperature": 0.0, "avg_logprob": -0.4810225304136885, "compression_ratio": 1.2258064516129032, "no_speech_prob": 0.007118747569620609}, {"id": 12, "seek": 7876, "start": 91.32000000000001, "end": 98.2, "text": "\u3042\u306e\u3055\u8ffd\u52a0\u3059\u3063\u3066\u3055 \u30b5\u30dd\u30fc\u30bf\u30fc\u9650\u5b9a\u3068\u304b\u3067\u304d\u306a\u3044\u306e", "tokens": [50992, 24910, 6722, 39947, 9990, 2659, 6102, 6722, 220, 23607, 34718, 3384, 30736, 43446, 12088, 30607, 43200, 9311, 2972, 51336], "temperature": 0.0, "avg_logprob": -0.4810225304136885, "compression_ratio": 1.2258064516129032, "no_speech_prob": 0.007118747569620609}, {"id": 13, "seek": 7876, "start": 99.16000000000001, "end": 101.76, "text": "\u3053\u3093\u306b\u3061\u306f", "tokens": [51384, 38088, 51514], "temperature": 0.0, "avg_logprob": -0.4810225304136885, "compression_ratio": 1.2258064516129032, "no_speech_prob": 0.007118747569620609}, {"id": 14, "seek": 10176, "start": 102.64, "end": 110.08000000000001, "text": "\u30ad\u30e3\u30b9\u3063\u3066\u3055\u30fc \u306a\u3093\u3060\u3063\u3051\u30b5\u30dd\u30fc\u30bf\u30fc\u9650\u5b9a\u3063\u3066\u3067\u304d\u306a\u3044\u306e", "tokens": [50408, 15535, 17233, 9550, 6102, 6722, 3384, 16647, 26983, 2970, 7625, 23607, 34718, 3384, 30736, 43446, 12088, 6102, 43200, 9311, 2972, 50780], "temperature": 0.0, "avg_logprob": -0.34336596119160556, "compression_ratio": 1.3166666666666667, "no_speech_prob": 0.004069414921104908}, {"id": 15, "seek": 10176, "start": 110.68, "end": 116.36, "text": "\u3067\u304d\u308b\u306e \u3084\u308a\u65b9\u304c\u3088\u304f\u308f\u304b\u3093\u306a\u3044\u3093\u3060\u3051\u3069", "tokens": [50810, 43200, 4895, 2972, 43938, 5095, 9249, 5142, 5591, 6134, 44054, 3225, 9311, 26983, 21891, 51094], "temperature": 0.0, "avg_logprob": -0.34336596119160556, "compression_ratio": 1.3166666666666667, "no_speech_prob": 0.004069414921104908}, {"id": 16, "seek": 10176, "start": 123.80000000000001, "end": 126.88000000000001, "text": "\u30b0\u30eb\u30fc\u30d7\u30ad\u30e3\u30b9", "tokens": [51466, 23839, 9405, 15266, 245, 15535, 17233, 9550, 51620], "temperature": 0.0, "avg_logprob": -0.34336596119160556, "compression_ratio": 1.3166666666666667, "no_speech_prob": 0.004069414921104908}, {"id": 17, "seek": 12688, "start": 127.88, "end": 133.48,