{"text": "\u3042\u3001\u304a\u306f\u3088\u3046\u3054\u3056\u3044\u307e\u3059\u3048\u30fc\u4eca\u65e5\u306f\u306d\u3001\u4eca\u65e5\u306f\u3061\u3087\u3063\u3068\u5f85\u3063\u3066\u3001\u5589\u75d2\u3044\u308f\u5589\u75d2\u3044\u5bd2\u98a8\u75c7\u3067\u76ee\u3068\u5589\u304c\u75d2\u3044\u7389\u3082\u898b\u305f\u3044\u304a\u306f\u3088\u3046\u8aad\u307f\u4e0a\u3052\u4f7f\u3046\u304b\u596e\u7adc\u304c\u306d\u3001\u5148\u7834\u88c2\u3057\u3066\u6cbb\u3063\u305f\u3046\u3093\u3001\u6669\u8d70\u884c\u679c\u3066\u308b\u3051\u3069\u3082\u3046\u5b8c\u5168\u306b\u6cbb\u3063\u305f\u308f\u3082\u3046\u7570\u7269\u611f\u304c\u306a\u3044\u3082\u3093\u3053\u308c\u304b\u3089\u306d\u3001\u50d5\u306f\u306d\u30c4\u30a4\u30ad\u30e3\u30b9\u3067\u7d30\u3005\u3068\u3084\u3063\u3066\u3044\u304f\u308f\u3042\u306e\u3055\u3001\u30c4\u30a4\u30ad\u30e3\u30b9\u3063\u3066\u3055\u30b5\u30dd\u30fc\u30bf\u30fc\u9650\u5b9a\u3068\u304b\u3067\u304d\u306a\u3044\u306e?\u3053\u3093\u306b\u3061\u306f\u30ad\u30e3\u30b9\u3067\u3055\u3001\u306a\u3093\u3060\u30b5\u30dd\u30fc\u30bf\u30fc\u9650\u5b9a\u3067\u3067\u304d\u306a\u3044\u306e?\u3067\u304d\u308b\u306e?\u3084\u3001\u3084\u308a\u65b9\u304c\u3088\u304f\u308f\u304b\u3093\u306a\u3044\u3093\u3060\u3051\u3069\u30b0\u30eb\u30fc\u30d7\u30ad\u30e3\u30b9\u3053\u308c\u304b\u3001\u30b0\u30eb\u30fc\u30d7\u4e00\u65e6\u7d42\u308f\u308b\u308f", "segments": [{"id": 0, "seek": 0, "start": 0.0, "end": 1.48, "text": "\u3042\u3001\u304a\u306f\u3088\u3046\u3054\u3056\u3044\u307e\u3059", "tokens": [50364, 3590, 1231, 6117, 3065, 17010, 43808, 50438], "temperature": 0.0, "avg_logprob": -0.3563490228338556, "compression_ratio": 1.6440129449838188, "no_speech_prob": 0.45792338252067566}, {"id": 1, "seek": 0, "start": 1.48, "end": 2.9, "text": "\u3048\u30fc\u4eca\u65e5\u306f\u306d\u3001\u4eca\u65e5\u306f", "tokens": [50438, 36697, 43791, 5555, 1231, 43791, 50509], "temperature": 0.0, "avg_logprob": -0.3563490228338556, "compression_ratio": 1.6440129449838188, "no_speech_prob": 0.45792338252067566}, {"id": 2, "seek": 0, "start": 2.9, "end": 4.34, "text": "\u3061\u3087\u3063\u3068\u5f85\u3063\u3066\u3001\u5589\u75d2\u3044\u308f", "tokens": [50509, 21888, 33393, 1231, 5234, 231, 15553, 240, 1764, 9206, 50581], "temperature": 0.0, "avg_logprob": -0.3563490228338556, "compression_ratio": 1.6440129449838188, "no_speech_prob": 0.45792338252067566}, {"id": 3, "seek": 0, "start": 4.34, "end": 5.44, "text": "\u5589\u75d2\u3044", "tokens": [50581, 5234, 231, 15553, 240, 1764, 50636], "temperature": 0.0, "avg_logprob": -0.3563490228338556, "compression_ratio": 1.6440129449838188, "no_speech_prob": 0.45792338252067566}, {"id": 4, "seek": 0, "start": 5.44, "end": 7.3, "text": "\u5bd2\u98a8\u75c7\u3067\u76ee\u3068\u5589\u304c\u75d2\u3044", "tokens": [50636, 4510, 240, 22713, 15553, 229, 2474, 11386, 3193, 5234, 231, 5142, 15553, 240, 1764, 50729], "temperature": 0.0, "avg_logprob": -0.3563490228338556, "compression_ratio": 1.6440129449838188, "no_speech_prob": 0.45792338252067566}, {"id": 5, "seek": 0, "start": 7.3, "end": 8.14, "text": "\u7389\u3082\u898b\u305f\u3044", "tokens": [50729, 8051, 231, 4801, 10470, 20699, 50771], "temperature": 0.0, "avg_logprob": -0.3563490228338556, "compression_ratio": 1.6440129449838188, "no_speech_prob": 0.45792338252067566}, {"id": 6, "seek": 0, "start": 8.14, "end": 8.8, "text": "\u304a\u306f\u3088\u3046", "tokens": [50771, 6117, 3065, 17010, 50804], "temperature": 0.0, "avg_logprob": -0.3563490228338556, "compression_ratio": 1.6440129449838188, "no_speech_prob": 0.45792338252067566}, {"id": 7, "seek": 0, "start": 8.8, "end": 10.0, "text": "\u8aad\u307f\u4e0a\u3052\u4f7f\u3046\u304b", "tokens": [50804, 3549, 255, 11362, 5708, 26012, 22982, 2646, 3703, 50864], "temperature": 0.0, "avg_logprob": -0.3563490228338556, "compression_ratio": 1.6440129449838188, "no_speech_prob": 0.45792338252067566}, {"id": 8, "seek": 0, "start": 10.0, "end": 12.4, "text": "\u596e\u7adc\u304c\u306d\u3001\u5148\u7834\u88c2\u3057\u3066", "tokens": [50864, 1881, 106, 11957, 250, 5142, 5555, 1231, 10108, 39560, 8083, 224, 8822, 50984], "temperature": 0.0, "avg_logprob": -0.3563490228338556, "compression_ratio": 1.6440129449838188, "no_speech_prob": 0.45792338252067566}, {"id": 9, "seek": 0, "start": 12.4, "end": 12.9, "text": "\u6cbb\u3063\u305f", "tokens": [50984, 30118, 10102, 51009], "temperature": 0.0, "avg_logprob": -0.3563490228338556, "compression_ratio": 1.6440129449838188, "no_speech_prob": 0.45792338252067566}, {"id": 10, "seek": 0, "start": 12.9, "end": 14.9, "text": "\u3046\u3093\u3001\u6669\u8d70\u884c\u679c\u3066\u308b\u3051\u3069", "tokens": [51009, 17760, 1231, 5094, 102, 9575, 8082, 9319, 2996, 4895, 21891, 51109], "temperature": 0.0, "avg_logprob": -0.3563490228338556, "compression_ratio": 1.6440129449838188, "no_speech_prob": 0.45792338252067566}, {"id": 11, "seek": 0, "start": 14.9, "end": 16.4, "text": "\u3082\u3046\u5b8c\u5168\u306b\u6cbb\u3063\u305f\u308f", "tokens": [51109, 16324, 37100, 4108, 30118, 10102, 9206, 51184], "temperature": 0.0, "avg_logprob": -0.3563490228338556, "compression_ratio": 1.6440129449838188, "no_speech_prob": 0.45792338252067566}, {"id": 12, "seek": 0, "start": 16.4, "end": 18.400000000000002, "text": "\u3082\u3046\u7570\u7269\u611f\u304c\u306a\u3044\u3082\u3093", "tokens": [51184, 16324, 6904, 108, 23516, 9709, 5142, 9311, 4801, 3225, 51284], "temperature": 0.0, "avg_logprob": -0.3563490228338556, "compression_ratio": 1.6440129449838188, "no_speech_prob": 0.45792338252067566}, {"id": 13, "seek": 0, "start": 18.400000000000002, "end": 20.2, "text": "\u3053\u308c\u304b\u3089\u306d\u3001\u50d5\u306f\u306d", "tokens": [51284, 9329, 11046, 5555, 1231, 28546, 3065, 5555, 51374], "temperature": 0.0, "avg_logprob": -0.3563490228338556, "compression_ratio": 1.6440129449838188, "no_speech_prob": 0.45792338252067566}, {"id": 14, "seek": 0, "start": 20.2, "end": 22.8, "text": "\u30c4\u30a4\u30ad\u30e3\u30b9\u3067\u7d30\u3005\u3068\u3084\u3063\u3066\u3044\u304f\u308f", "tokens": [51374, 39406, 8040, 15535, 17233, 9550, 2474, 41588, 45032, 3193, 31497, 49394, 9206, 51504], "temperature": 0.0, "avg_logprob": -0.3563490228338556, "compression_ratio": 1.6440129449838188, "no_speech_prob": 0.45792338252067566}, {"id": 15, "seek": 0, "start": 22.8, "end": 24.400000000000002, "text": "\u3042\u306e\u3055\u3001\u30c4\u30a4\u30ad\u30e3\u30b9\u3063\u3066\u3055", "tokens": [51504, 24910, 6722, 1231, 39406, 8040, 15535, 17233, 9550, 6102, 6722, 51584], "temperature": 0.0, "avg_logprob": -0.3563490228338556, "compression_ratio": 1.6440129449838188, "no_speech_prob": 0.45792338252067566}, {"id": 16, "seek": 0, "start": 24.400000000000002, "end": 26.2, "text": "\u30b5\u30dd\u30fc\u30bf\u30fc\u9650\u5b9a\u3068\u304b\u3067\u304d\u306a\u3044\u306e?", "tokens": [51584, 23607, 34718, 3384, 30736, 43446, 12088, 30607, 43200, 9311, 2972, 30, 51674], "temperature": 0.0, "avg_logprob": -0.3563490228338556, "compression_ratio": 1.6440129449838188, "no_speech_prob": 0.45792338252067566}, {"id": 17, "seek": 0, "start": 26.2, "end": 26.8, "text": "\u3053\u3093\u306b\u3061\u306f", "tokens": [51674, 38088, 51704], "temperature": 0.0, "avg_logprob": -0.3563490228338556, "compression_ratio": 1.6440129449838188, "no_speech_prob": 0.45792338252067566}, {"id": 18, "seek": 0, "start": 26.8, "end": 28.28, "text": "\u30ad\u30e3\u30b9\u3067\u3055\u3001\u306a\u3093\u3060", "tokens": [51704, 15535, 17233, 9550, 2474, 6722, 1231, 33383, 51778], "temperature": 0.0, "avg_logprob": -0.3563490228338556, "compression_ratio": 1.6440129449838188, "no_speech_prob": 0.45792338252067566}, {"id": 19, "seek": 2828, "start": 28.28, "end": 30.380000000000003, "text": "\u30b5\u30dd\u30fc\u30bf\u30fc\u9650\u5b9a\u3067\u3067\u304d\u306a\u3044\u306e?", "tokens": [50364, 23607, 34718, 3384, 30736, 43446, 12088, 2474, 43200, 9311, 2972, 30, 50469], "temperature": 0.0, "avg_logprob": -0.2202247804211032, "compression_ratio": 1.31496062992126, "no_speech_prob": 0.1327894926071167}, {"id": 20,