{"text": "\u3068\u3044\u3046\u308f\u3051\u3067\u3001\u307e\u3001\u306d\u3001\u306d\u3001\u3042\u3068\u3067\u3001\u307e\u305f\u306d\u3001\u306f\u3044\u3001\u304a\u3084\u3059\u307f", "segments": [{"id": 0, "seek": 0, "start": 0.0, "end": 3.0, "text": "\u3068\u3044\u3046\u308f\u3051\u3067\u3001\u307e\u3001\u306d\u3001\u306d\u3001\u3042\u3068\u3067\u3001\u307e\u305f\u306d\u3001\u306f\u3044\u3001\u304a\u3084\u3059\u307f", "tokens": [50364, 15300, 9206, 7625, 2474, 1231, 2889, 1231, 5555, 1231, 5555, 1231, 37015, 2474, 1231, 24712, 5555, 1231, 11050, 1231, 6117, 7355, 2659, 11362, 50514], "temperature": 0.0, "avg_logprob": -0.5634390757634089, "compression_ratio": 1.3548387096774193, "no_speech_prob": 0.5475438833236694}], "language": "ja"}