{"text": "\u3042\u308c?\u30ab\u30b9\u30bf\u30e0\u30bf\u30a4\u30e0\u304c\u306a\u3044\u30ab\u30b9\u30bf\u30e0\u30bf\u30a4\u30e0\u304c\u3044\u306a\u3044\u3093\u3060\u3051\u3069\u30ab\u30b9\u30bf\u30e0\u30bf\u30a4\u30e0\u304c\u3069\u3053\u306b\u3044\u308b\u306e?\u30ab\u30b9\u30bf\u30e0\u30bf\u30a4\u30e0\u304c\u306a\u3044\u3061\u3087\u3063\u3068\u5f85\u3063\u3066\u3042\u306815\u5206\u306a\u3093\u3060\u3051\u3069\u307e\u3060\u3064\u3044\u3066\u306a\u3044\u30ab\u30b9\u30bf\u30e0\u30bf\u30a4\u30e0\u304c\u306a\u3044\u9045\u308c\u308b?\u30ac\u30bb\u3061\u3083\u3093\u9045\u308c\u3093\u306e?\u3044\u3084\u5f85\u3061\u5408\u308f\u305b\u3053\u3053\u3060\u3088\u6771\u5317\u30b7\u30cd\u30de\u30ba\u306e\u73fe\u5730\u3092\u30ab\u30b9\u30bf\u30e0\u30bf\u30a4\u30e0\u304c\u306a\u3044\u30df\u30ca\u30b8\u30e7\u30b3\u30df\u30c4\u30df\u30b3\u30df\u306f\u306a\u3044\u307f\u3093\u306a\u304c\u601d\u3046\u307b\u3069\u50be\u659c\u3067\u3044\u304b\u306a\u3044\u30ab\u30b9\u30bf\u30e0\u30bf\u30a4\u30e0\u304c\u306a\u3044\u30a2\u30cb\u30e1\u7248\u3001\u65e7\u5287\u5834\u7248\u3001\u65b0\u5287\u5834\u7248\u5408\u308f\u305b\u306e21\u56de\u3057\u304b\u306a\u3089\u306a\u3044\u3061\u3087\u3063\u3068\u30c8\u30a4\u30ec\u306b\u6765\u305f\u30ab\u30b9\u30bf\u30e0\u30bf\u30a4\u30e0\u304c\u306a\u3044\u6771\u4eac\u90fd\u4ea4\u901a\u5c408000\u7cfb\u96fb\u8eca\u6771\u4eac\u90fd\u4ea4\u901a\u5c408000\u7cfb\u96fb\u8eca\u6771\u4eac\u90fd\u4ea4\u901a\u5c408000\u7cfb\u96fb\u8eca\u6771\u4eac\u90fd\u4ea4\u901a\u5c408000\u7cfb\u96fb\u8eca\u6771\u4eac\u90fd\u4ea4\u901a\u5c408000\u7cfb\u96fb\u8eca\u6771\u4eac\u90fd\u4ea4\u901a\u5c408000\u7cfb\u96fb\u8eca\u6771\u4eac\u90fd\u4ea4\u901a\u5c408000\u7cfb\u96fb\u8eca\u6771\u4eac\u90fd\u4ea4\u901a\u5c408000\u7cfb\u96fb\u8eca\u6771\u4eac\u90fd\u4ea4\u901a\u5c408000\u7cfb\u96fb\u8eca\u6771\u4eac\u90fd\u4ea4\u901a\u5c408000\u7cfb\u96fb\u8eca", "segments": [{"id": 0, "seek": 0, "start": 0.0, "end": 4.0, "text": "\u3042\u308c?\u30ab\u30b9\u30bf\u30e0\u30bf\u30a4\u30e0\u304c\u306a\u3044", "tokens": [50364, 30659, 30, 10111, 9550, 12144, 32026, 12144, 8040, 32026, 5142, 9311, 50564], "temperature": 0.0, "avg_logprob": -0.44064361398870294, "compression_ratio": 1.7361111111111112, "no_speech_prob": 0.4380020201206207}, {"id": 1, "seek": 0, "start": 12.0, "end": 16.0, "text": "\u30ab\u30b9\u30bf\u30e0\u30bf\u30a4\u30e0\u304c\u3044\u306a\u3044\u3093\u3060\u3051\u3069", "tokens": [50964, 10111, 9550, 12144, 32026, 12144, 8040, 32026, 5142, 1764, 9311, 26983, 21891, 51164], "temperature": 0.0, "avg_logprob": -0.44064361398870294, "compression_ratio": 1.7361111111111112, "no_speech_prob": 0.4380020201206207}, {"id": 2, "seek": 0, "start": 20.0, "end": 24.0, "text": "\u30ab\u30b9\u30bf\u30e0\u30bf\u30a4\u30e0\u304c\u3069\u3053\u306b\u3044\u308b\u306e?", "tokens": [51364, 10111, 9550, 12144, 32026, 12144, 8040, 32026, 5142, 7594, 3503, 4108, 22979, 2972, 30, 51564], "temperature": 0.0, "avg_logprob": -0.44064361398870294, "compression_ratio": 1.7361111111111112, "no_speech_prob": 0.4380020201206207}, {"id": 3, "seek": 3000, "start": 30.0, "end": 34.0, "text": "\u30ab\u30b9\u30bf\u30e0\u30bf\u30a4\u30e0\u304c\u306a\u3044", "tokens": [50364, 10111, 9550, 12144, 32026, 12144, 8040, 32026, 5142, 9311, 50564], "temperature": 0.0, "avg_logprob": -0.4225048383076986, "compression_ratio": 1.1666666666666667, "no_speech_prob": 0.06941750645637512}, {"id": 4, "seek": 3000, "start": 40.0, "end": 42.0, "text": "\u3061\u3087\u3063\u3068\u5f85\u3063\u3066", "tokens": [50864, 21888, 33393, 50964], "temperature": 0.0, "avg_logprob": -0.4225048383076986, "compression_ratio": 1.1666666666666667, "no_speech_prob": 0.06941750645637512}, {"id": 5, "seek": 3000, "start": 42.0, "end": 44.0, "text": "\u3042\u306815\u5206\u306a\u3093\u3060\u3051\u3069", "tokens": [50964, 37015, 5211, 6627, 33383, 21891, 51064], "temperature": 0.0, "avg_logprob": -0.4225048383076986, "compression_ratio": 1.1666666666666667, "no_speech_prob": 0.06941750645637512}, {"id": 6, "seek": 3000, "start": 44.0, "end": 46.0, "text": "\u307e\u3060\u3064\u3044\u3066\u306a\u3044", "tokens": [51064, 47185, 9335, 18549, 9311, 51164], "temperature": 0.0, "avg_logprob": -0.4225048383076986, "compression_ratio": 1.1666666666666667, "no_speech_prob": 0.06941750645637512}, {"id": 7, "seek": 4600, "start": 46.0, "end": 50.0, "text": "\u30ab\u30b9\u30bf\u30e0\u30bf\u30a4\u30e0\u304c\u306a\u3044", "tokens": [50364, 10111, 9550, 12144, 32026, 12144, 8040, 32026, 5142, 9311, 50564], "temperature": 0.0, "avg_logprob": -0.4208828827430462, "compression_ratio": 1.0, "no_speech_prob": 0.029107624664902687}, {"id": 8, "seek": 4600, "start": 60.0, "end": 62.0, "text": "\u9045\u308c\u308b?", "tokens": [51064, 3330, 227, 35367, 30, 51164], "temperature": 0.0, "avg_logprob": -0.4208828827430462, "compression_ratio": 1.0, "no_speech_prob": 0.029107624664902687}, {"id": 9, "seek": 4600, "start": 64.0, "end": 66.0, "text": "\u30ac\u30bb\u3061\u3083\u3093\u9045\u308c\u3093\u306e?", "tokens": [51264, 33574, 31223, 35771, 3330, 227, 4132, 3225, 2972, 30, 51364], "temperature": 0.0, "avg_logprob": -0.4208828827430462, "compression_ratio": 1.0, "no_speech_prob": 0.029107624664902687}, {"id": 10, "seek": 7600, "start": 76.0, "end": 78.0, "text": "\u3044\u3084\u5f85\u3061\u5408\u308f\u305b\u3053\u3053\u3060\u3088", "tokens": [50364, 18524, 18390, 6574, 14245, 9206, 13702, 23509, 5362, 5591, 50464], "temperature": 0.0, "avg_logprob": -0.25147340978894916, "compression_ratio": 0.8873239436619719, "no_speech_prob": 0.04530462622642517}, {"id": 11, "seek": 7600, "start": 78.0, "end": 80.0, "text": "\u6771\u5317\u30b7\u30cd\u30de\u30ba\u306e", "tokens": [50464, 18413, 26668, 11054, 1047, 235, 13258, 29061, 2972, 50564], "temperature": 0.0, "avg_logprob": -0.25147340978894916, "compression_ratio": 0.8873239436619719, "no_speech_prob": 0.04530462622642517}, {"id": 12, "seek": 7600, "start": 88.0, "end": 90.0, "text": "\u73fe\u5730\u3092", "tokens": [50964, 9581, 10928, 5998, 51064], "temperature": 0.0, "avg_logprob": -0.25147340978894916, "compression_ratio": 0.8873239436619719, "no_speech_prob": 0.04530462622642517}, {"id": 13, "seek": 9000, "start": 90.0, "end": 94.0, "text": "\u30ab\u30b9\u30bf\u30e0\u30bf\u30a4\u30e0\u304c\u306a\u3044", "tokens": [50364, 10111, 9550, 12144, 32026, 12144, 8040, 32026, 5142, 9311, 50564], "temperature": 0.0, "avg_logprob": -0.532541138785226, "compression_ratio": 1.2666666666666666, "no_speech_prob": 0.4749586284160614}, {"id": 14, "seek": 9000, "start": 104.0, "end": 108.0, "text": "\u30df\u30ca\u30b8\u30e7\u30b3\u30df\u30c4\u30df\u30b3\u30df\u306f\u306a\u3044", "tokens": [51064, 23196, 26719, 14655, 28579, 18066, 23196, 39406, 23196, 18066, 23196, 3065, 9311, 51264], "temperature": 0.0, "avg_logprob": -0.532541138785226, "compression_ratio": 1.2666666666666666, "no_speech_prob": 0.4749586284160614}, {"id": 15, "seek": 9000, "start": 110.0, "end": 114.0, "text": "\u307f\u3093\u306a\u304c\u601d\u3046\u307b\u3069\u50be\u659c\u3067\u3044\u304b\u306a\u3044", "tokens": [51364, 11362, 16548, 5142, 8870, 2646, 29050, 11518, 122, 4307, 250, 2474, 1764, 3703, 9311, 51564], "temperature": 0.0, "avg_logprob": -0.532541138785226, "compression_ratio": 1.2666666666666666, "no_speech_prob": 0.4749586284160614}, {"id": 16, "seek": 12000, "start": 120.0, "end": 124.0, "text": "\u30ab\u30b9\u30bf\u30e0\u30bf\u30a4\u30e0\u304c\u306a\u3044", "tokens": [50364, 10111, 9550, 12144, 32026, 12144, 8040, 32026, 5142, 9311, 50564], "temperature": 0.0, "avg_logprob": -0.36684724262782503, "compression_ratio": 1.1263157894736842, "no_speech_prob": 0.26200956106185913}, {"id": 17, "seek": 12000, "start": 140.0, "end": 144.0, "text": "\u30a2\u30cb\u30e1\u7248\u3001\u65e7\u5287\u5834\u7248\u3001\u65b0\u5287\u5834\u7248", "tokens": [51364, 12817, 34737, 21647, 42096, 1231, 4479, 100, 5087, 229, 21446, 42096, 1231, 12560, 5087, 229, 21446, 42096, 51564], "temperature": 0.0, "avg_logprob": -0.36684724262782503, "compression_ratio": 1.1263157894736842,