{"text": "\u304f\u3063\u3093\u3093\u30932\u3046\u3044\u3084\u3061\u3087\u3063\u3068\u3061\u3087\u3063\u3068\u30c6\u30b9\u30c8\u3055\u305b\u3066 \u30c6\u30b9\u30c81\u76ee\u304c\u914d\u4fe1\u306b\u306a\u3063\u3066\u308b1\u76ee\u304c\u914d\u4fe1\u3063\u3066\u914d\u4fe1\u8a2d\u5b9a1\u76ee\u304c\u914d\u4fe1\u306b\u306a\u3063\u3066\u308b\u305e\u3061\u3087\u3063\u3068\u30b9\u30ab\u30a4\u30d7\u304c\u3067\u304d\u306a\u3044\u3093\u3060\u3088\u306d \u30b9\u30ab\u30a4\u30d7\u306e\u65b0\u6a5f\u30b9\u30ab\u30a4\u30d7\u8a2d\u5b9a \u97f3\u58f0\u30d3\u30c7\u30aa\u306a\u3093\u3067 \u4f55\u306a\u3093\u3067\u3059 \u30a6\u30a7\u30d6\u30ab\u30e1\u30e9\u58ca\u308c\u305f\u306e\u3082\u3057\u304b\u3057\u3066\u30a6\u30a7\u30d6\u30ab\u30e1\u30e9\u58ca\u308c\u3066\u3093\u306e\u30b9\u30ab\u30a4\u30d7\u306e\u65b0\u6a5f\u306e \u8ab0\u3068\u3067\u3082\u7c21\u5358\u306a\u56de\u8a73\u7d30\u306f\u3053\u3061\u3089\u30b9\u30ab\u30a4\u30d7\u306e\u30ce\u30a4\u30ba\u3061\u3087\u3063\u3068\u5f85\u3063\u3066 \u308f\u304b\u3089\u3093\u308f\u3061\u3087\u3063\u3068\u5f85\u3063\u3066\u30ce\u30a4\u30ba\u30ad\u30e3\u30f3\u30bb\u30eb\u30ce\u30a4\u30ba\u30ad\u30e3\u30f3\u30bb\u30eb\u30aa\u30fc\u30c7\u30a3\u30aa\u30ce\u30a4\u30ba\u30ad\u30e3\u30f3\u30bb\u30eb\u30ce\u30a4\u30ba\u30ad\u30e3\u30f3\u30bb\u30eb\u3044\u3084\u3061\u3087\u3063\u3068\u30c6\u30b9\u30c8\u3060\u304b\u3089\u30b3\u30df\u30e5\u30cb\u30b1\u30f3\u306b\u3057\u305f\u308f\u30ce\u30a4\u30ba\u30ad\u30e3\u30f3\u30bb\u30eb\u8a2d\u5b9a\u8a2d\u5b9a\u97f3\u58f0\u30d3\u30c7\u30aa\u30ce\u30a4\u30ba\u30ad\u30e3\u30f3\u30bb\u30eb\u3053\u308c\u3092\u4f4e\u3044\u306b\u3059\u308c\u3070\u3044\u3044\u3093\u3060\u305d\u308c\u3067\u901a\u8a71\u3067\u3057\u3087\u97f3\u58f01\u76ee\u304c\u97f3\u58f0\u30d3\u30c7\u30aa\u306a\u3093\u306a\u3093\u30671\u76ee\u304c\u3061\u3087\u3063\u30681\u56de\u914d\u4fe1\u7d42\u308f\u308b\u308f", "segments": [{"id": 0, "seek": 0, "start": 0.0, "end": 2.0, "text": "\u304f\u3063\u3093", "tokens": [50364, 6134, 2970, 3225, 50464], "temperature": 1.0, "avg_logprob": -3.161609377179827, "compression_ratio": 0.5294117647058824, "no_speech_prob": 0.5726569294929504}, {"id": 1, "seek": 200, "start": 2.0, "end": 4.0, "text": "\u3093", "tokens": [50364, 3225, 50464], "temperature": 0.0, "avg_logprob": -0.14712124294704862, "compression_ratio": 55.125, "no_speech_prob": 0.6127289533615112}, {"id": 2, "seek": 400, "start": 4.64, "end": 6.640000000000001, "text": "\u3093", "tokens": [50396, 3225, 50496], "temperature": 1.0, "avg_logprob": -3.5792132290926846, "compression_ratio": 0.4666666666666667, "no_speech_prob": 0.5314386487007141}, {"id": 3, "seek": 400, "start": 25.6, "end": 27.62, "text": "2", "tokens": [51444, 17, 51545], "temperature": 1.0, "avg_logprob": -3.5792132290926846, "compression_ratio": 0.4666666666666667, "no_speech_prob": 0.5314386487007141}, {"id": 4, "seek": 400, "start": 27.62, "end": 29.96, "text": "\u3046", "tokens": [51545, 2646, 51662], "temperature": 1.0, "avg_logprob": -3.5792132290926846, "compression_ratio": 0.4666666666666667, "no_speech_prob": 0.5314386487007141}, {"id": 5, "seek": 2996, "start": 29.96, "end": 45.44, "text": "\u3044\u3084\u3061\u3087\u3063\u3068\u3061\u3087\u3063\u3068\u30c6\u30b9\u30c8\u3055\u305b\u3066 \u30c6\u30b9\u30c8", "tokens": [50364, 18524, 21888, 21888, 22985, 40498, 6722, 47745, 15096, 228, 40498, 51138], "temperature": 0.0, "avg_logprob": -0.6822638511657715, "compression_ratio": 1.131578947368421, "no_speech_prob": 0.20640164613723755}, {"id": 6, "seek": 2996, "start": 47.44, "end": 51.44, "text": "1\u76ee\u304c\u914d\u4fe1\u306b\u306a\u3063\u3066\u308b", "tokens": [51238, 16, 11386, 5142, 38846, 17665, 22615, 45350, 51438], "temperature": 0.0, "avg_logprob": -0.6822638511657715, "compression_ratio": 1.131578947368421, "no_speech_prob": 0.20640164613723755}, {"id": 7, "seek": 5996, "start": 59.96, "end": 72.96000000000001, "text": "1\u76ee\u304c\u914d\u4fe1\u3063\u3066\u914d\u4fe1\u8a2d\u5b9a", "tokens": [50364, 16, 11386, 5142, 38846, 17665, 6102, 38846, 17665, 39035, 12088, 51014], "temperature": 0.0, "avg_logprob": -0.6115313768386841, "compression_ratio": 1.1923076923076923, "no_speech_prob": 0.016897454857826233}, {"id": 8, "seek": 5996, "start": 76.96000000000001, "end": 81.96000000000001, "text": "1\u76ee\u304c\u914d\u4fe1\u306b\u306a\u3063\u3066\u308b\u305e", "tokens": [51214, 16, 11386, 5142, 38846, 17665, 22615, 45350, 31563, 51464], "temperature": 0.0, "avg_logprob": -0.6115313768386841, "compression_ratio": 1.1923076923076923, "no_speech_prob": 0.016897454857826233}, {"id": 9, "seek": 8196, "start": 82.96, "end": 91.96, "text": "\u3061\u3087\u3063\u3068\u30b9\u30ab\u30a4\u30d7\u304c\u3067\u304d\u306a\u3044\u3093\u3060\u3088\u306d \u30b9\u30ab\u30a4\u30d7\u306e\u65b0\u6a5f", "tokens": [50414, 21888, 9550, 10111, 8040, 20953, 5142, 43200, 9311, 26983, 30346, 220, 9550, 10111, 8040, 20953, 2972, 12560, 17543, 50864], "temperature": 0.0, "avg_logprob": -0.3130171563890245, "compression_ratio": 1.2298850574712643, "no_speech_prob": 0.0600246787071228}, {"id": 10, "seek": 8196, "start": 94.96, "end": 99.96, "text": "\u30b9\u30ab\u30a4\u30d7\u8a2d\u5b9a \u97f3\u58f0\u30d3\u30c7\u30aa", "tokens": [51014, 9550, 10111, 8040, 20953, 39035, 12088, 220, 18034, 32045, 39454, 31327, 18743, 51264], "temperature": 0.0, "avg_logprob": -0.3130171563890245, "compression_ratio": 1.2298850574712643, "no_speech_prob": 0.0600246787071228}, {"id": 11, "seek": 9996, "start": 100.96, "end": 108.96, "text": "\u306a\u3093\u3067 \u4f55\u306a\u3093\u3067\u3059 \u30a6\u30a7\u30d6\u30ab\u30e1\u30e9\u58ca\u308c\u305f\u306e\u3082\u3057\u304b\u3057\u3066", "tokens": [50414, 11847, 2474, 220, 11906, 42255, 220, 20745, 28571, 28889, 10111, 21647, 11353, 12829, 232, 35478, 2972, 4801, 32156, 8822, 50814], "temperature": 0.0, "avg_logprob": -0.2422106309370561, "compression_ratio": 1.3421052631578947, "no_speech_prob": 0.05661981180310249}, {"id": 12, "seek": 9996, "start": 111.96, "end": 114.96, "text": "\u30a6\u30a7\u30d6\u30ab\u30e1\u30e9\u58ca\u308c\u3066\u3093\u306e", "tokens": [50964, 20745, 28571, 28889, 10111, 21647, 11353, 12829, 232, 26638, 3225, 2972, 51114], "temperature": 0.0, "avg_logprob": -0.2422106309370561, "compression_ratio": 1.3421052631578947, "no_speech_prob": 0.05661981180310249}, {"id": 13, "seek": 9996, "start": 120.96, "end": 124.96, "text": "\u30b9\u30ab\u30a4\u30d7\u306e\u65b0\u6a5f\u306e \u8ab0\u3068\u3067\u3082\u7c21\u5358\u306a\u56de", "tokens": [51414, 9550, 10111, 8040, 20953, 2972, 12560, 17543, 2972, 220, 20757, 3193, 17783, 26612, 5322, 246, 3203, 8350, 51614], "temperature": 0.0, "avg_logprob": -0.2422106309370561, "compression_ratio": 1.3421052631578947, "no_speech_prob": 0.05661981180310249}, {"id": 14, "seek": 12496, "start": 125.96, "end": 128.95999999999998, "text": "\u8a73\u7d30\u306f\u3053\u3061\u3089", "tokens": [50414, 6716, 111, 41588, 3065, 34395, 50564], "temperature": 0.0, "avg_logprob": -0.42480102662117253, "compression_ratio": 1.25, "no_speech_prob": 0.05831179395318031}, {"id": 15, "seek": 12496, "start": 131.95999999999998, "end": 133.95999999999998, "text": "\u30b9\u30ab\u30a4\u30d7\u306e\u30ce\u30a4\u30ba", "tokens": [50714, 9550, 10111, 8040, 20953, 2972, 34501, 8040, 29061, 50814], "temperature": 0.0, "avg_logprob": -0.42480102662117253, "compression_ratio": 1.25, "no_speech_prob": 0.05831179395318031}, {"id": 16, "seek": 12496, "start": 141.95999999999998, "end": 147.95999999999998, "text": "\u3061\u3087\u3063\u3068\u5f85\u3063\u3066 \u308f\u304b\u3089\u3093\u308f", "tokens": [51214, 21888, 33393, 220, 9206, 11046, 3225, 9206, 51514], "temperature": 0.0, "avg_logprob": -0.42480102662117253, "compression_ratio": 1.25, "no_speech_prob": 0.05831179395318031}, {"id": 17, "seek": 12496, "start": 149.95999999999998, "end": 151.95999999999998, "text": "\u3061\u3087\u3063\u3068\u5f85\u3063\u3066", "tokens": [51614, 21888, 33393, 51714], "temperature": 0.0, "avg_logprob": -0.42480102662117253, "compression_ratio": 1.25,