{"text": "\u3069\u3053\u3078\u884c\u304f\u3082\u306e\u304b\u3002\u4e2d\u592e\u5df4\u8eca\u306e\u98df\u4e8b\u90e8\u968a\u306e\u90fd\u5185\u984d\u4e2d\u592e\u98a8\u0bcd?\u663c\u4e2d\u592e\u8d70\u3060\u3051\u306e\u6620\u50cf\u3067\u3059\u304c\u4e2d\u592e\u7bc0\u3055\u3093\u306f\u3044\u306a\u3044\u306e\u3060\u3051\u3069\u60aa\u3044\u30fb\u30fb\u306e\u30bf\u30c3\u30c1\u306f\u30bf\u30c3\u30c1\u306f\u3042\u304c\u3044\u3046\u9593\u306b\u3053\u306e\u30bf\u30fc\u30b2\u30c3\u30c8\u4e26\u3073\u307e\u3057\u305f!\u79c1\u3068\u30c4 until\u03bd\u03b5\u7b11\u3063\u3066\u62bc\u3055\u3048\u306a\u3044\u3068\u8a00\u308f\u308c\u826f\u3044\u3067\u3059ok2\u3093\u3061\u3087\u3063 \u304f\u3093\u3063\u307e\u3060\u3064\u3044\u3066\u3044\u306a\u3044\u3048\u3001\u304b?\u3048\u3001\u9045\u308c\u308b?\u30ab\u30bb\u3061\u3083\u3093\u9045\u308c\u3093\u306e?\u3044\u3084\u3001\u5f85\u3061\u5408\u308f\u305b\u3053\u3053\u3060\u3088\u6771\u5317\u30b7\u30cd\u30de\u30ba\u306e\u3067\u3001\u770c\u5730\u3092\u3064\u306a\u3063\u305f\u307f\u306a\u3058\u3087\u3053\u307f\u3044\u3068\u307f\u306f\u306a\u3044\u3067\u3082\u307f\u3093\u306a\u306e\u601d\u3046\u307b\u3069\u306a\u3093\u304b\u5f62\u4f5c\u3067\u3044\u3044\u3093\u3058\u3083\u306a\u3044\u304b\u3067\u3082\u3001\u30b7\u30f3\u30b2\u3068\u307f\u308c\u305f\u304f\u3089\u3044\u3053\u3068\u3092\u898b\u306b\u3057\u307e\u3063\u3066\u3048?\u306d\u3048\u3001 Playing\u3061\u3087\u3063\u3068\u9060\u3044\u3067\u3057\u3087\u3061\u3087\u3063\u3068\u9060\u3044\u3067\u3057\u3087\u3001 2\u4ebaJR\u6771\u65e5\u672cE231\u7cfb\u96fb\u8ecaJR\u6771\u65e5\u672cE231\u7cfb\u96fb\u8ecaJR\u6771\u65e5\u672cE231\u7cfb\u96fb\u8ecaJR\u6771\u65e5\u672cE231\u7cfb\u96fb\u8ecaJR\u6771\u65e5\u672cE231\u7cfb\u96fb\u8eca\u65e5\u672cE231\u7cfb\u96fb\u8ecaJR\u6771\u65e5\u672cE231\u7cfb\u96fb\u8ecaJR\u6771\u65e5\u672cE231\u7cfb\u96fb\u8eca\u3054\u8996\u8074\u3042\u308a\u304c\u3068\u3046\u3054\u3056\u3044\u307e\u3059", "segments": [{"id": 0, "seek": 0, "start": 0.0, "end": 6.0, "text": "\u3069\u3053\u3078\u884c\u304f\u3082\u306e\u304b\u3002", "tokens": [50364, 7594, 3503, 29440, 8082, 6134, 44726, 3703, 1543, 50664], "temperature": 1.0, "avg_logprob": -3.516724601624504, "compression_ratio": 1.1666666666666667, "no_speech_prob": 0.23030062019824982}, {"id": 1, "seek": 0, "start": 6.0, "end": 13.1, "text": "\u4e2d\u592e\u5df4\u8eca\u306e\u98df\u4e8b\u90e8\u968a\u306e\u90fd\u5185\u984d", "tokens": [50664, 5975, 1787, 106, 38325, 25941, 2972, 25155, 6973, 13470, 33929, 2972, 7182, 34742, 10178, 235, 51019], "temperature": 1.0, "avg_logprob": -3.516724601624504, "compression_ratio": 1.1666666666666667, "no_speech_prob": 0.23030062019824982}, {"id": 2, "seek": 0, "start": 13.52, "end": 16.94, "text": "\u4e2d\u592e\u98a8\u0bcd?", "tokens": [51040, 5975, 1787, 106, 22713, 44398, 51211], "temperature": 1.0, "avg_logprob": -3.516724601624504, "compression_ratio": 1.1666666666666667, "no_speech_prob": 0.23030062019824982}, {"id": 3, "seek": 0, "start": 20.42, "end": 24.32, "text": "\u663c\u4e2d\u592e\u8d70\u3060\u3051\u306e\u6620\u50cf\u3067\u3059\u304c", "tokens": [51385, 1431, 120, 5975, 1787, 106, 9575, 36215, 2972, 1431, 254, 12760, 4767, 5142, 51580], "temperature": 1.0, "avg_logprob": -3.516724601624504, "compression_ratio": 1.1666666666666667, "no_speech_prob": 0.23030062019824982}, {"id": 4, "seek": 0, "start": 24.32, "end": 27.26, "text": "\u4e2d\u592e\u7bc0\u3055\u3093\u306f\u3044\u306a\u3044\u306e\u3060\u3051\u3069", "tokens": [51580, 5975, 1787, 106, 27694, 15567, 11050, 9311, 2972, 5362, 21891, 51727], "temperature": 1.0, "avg_logprob": -3.516724601624504, "compression_ratio": 1.1666666666666667, "no_speech_prob": 0.23030062019824982}, {"id": 5, "seek": 2726, "start": 27.26, "end": 33.92, "text": "\u60aa\u3044\u30fb\u30fb\u306e\u30bf\u30c3\u30c1\u306f\u30bf\u30c3\u30c1\u306f\u3042\u304c\u3044\u3046\u9593\u306b\u3053\u306e\u30bf\u30fc\u30b2\u30c3\u30c8\u4e26\u3073\u307e\u3057\u305f!", "tokens": [50364, 14696, 103, 1764, 9509, 2972, 12144, 8276, 17794, 3065, 12144, 8276, 17794, 3065, 3590, 5142, 9444, 11016, 4108, 13303, 30736, 46965, 31978, 35934, 38761, 12072, 0, 50697], "temperature": 1.0, "avg_logprob": -3.977877067797112, "compression_ratio": 1.2077922077922079, "no_speech_prob": 0.37634938955307007}, {"id": 6, "seek": 2726, "start": 36.900000000000006, "end": 43.68000000000001, "text": "\u79c1\u3068\u30c4 until\u03bd\u03b5\u7b11\u3063\u3066\u62bc\u3055\u3048\u306a\u3044\u3068\u8a00\u308f\u308c\u826f\u3044\u3067\u3059ok", "tokens": [50846, 20083, 3193, 39406, 1826, 33642, 11600, 6102, 7235, 120, 6722, 6474, 9311, 3193, 12009, 9206, 4132, 33950, 1764, 4767, 453, 51185], "temperature": 1.0, "avg_logprob": -3.977877067797112, "compression_ratio": 1.2077922077922079, "no_speech_prob": 0.37634938955307007}, {"id": 7, "seek": 2726, "start": 46.06, "end": 48.46, "text": "2", "tokens": [51304, 17, 51424], "temperature": 1.0, "avg_logprob": -3.977877067797112, "compression_ratio": 1.2077922077922079, "no_speech_prob": 0.37634938955307007}, {"id": 8, "seek": 2726, "start": 48.52, "end": 51.52, "text": "\u3093", "tokens": [51427, 3225, 51577], "temperature": 1.0, "avg_logprob": -3.977877067797112, "compression_ratio": 1.2077922077922079, "no_speech_prob": 0.37634938955307007}, {"id": 9, "seek": 2726, "start": 52.22, "end": 54.96, "text": "\u3061\u3087\u3063 \u304f\u3093\u3063", "tokens": [51612, 17411, 2970, 2605, 237, 3225, 2970, 51749], "temperature": 1.0, "avg_logprob": -3.977877067797112, "compression_ratio": 1.2077922077922079, "no_speech_prob": 0.37634938955307007}, {"id": 10, "seek": 5496, "start": 54.96, "end": 56.96, "text": "\u307e\u3060\u3064\u3044\u3066\u3044\u306a\u3044", "tokens": [50364, 47185, 9335, 18549, 1764, 9311, 50464], "temperature": 0.0, "avg_logprob": -0.5221636801054983, "compression_ratio": 1.1142857142857143, "no_speech_prob": 0.3012242317199707}, {"id": 11, "seek": 5496, "start": 70.96000000000001, "end": 71.96000000000001, "text": "\u3048\u3001\u304b?", "tokens": [51164, 6474, 1231, 3703, 30, 51214], "temperature": 0.0, "avg_logprob": -0.5221636801054983, "compression_ratio": 1.1142857142857143, "no_speech_prob": 0.3012242317199707}, {"id": 12, "seek": 5496, "start": 72.96000000000001, "end": 74.96000000000001, "text": "\u3048\u3001\u9045\u308c\u308b?", "tokens": [51264, 6474, 1231, 3330, 227, 35367, 30, 51364], "temperature": 0.0, "avg_logprob": -0.5221636801054983, "compression_ratio": 1.1142857142857143, "no_speech_prob": 0.3012242317199707}, {"id": 13, "seek": 5496, "start": 76.96000000000001, "end": 78.96000000000001, "text": "\u30ab\u30bb\u3061\u3083\u3093\u9045\u308c\u3093\u306e?", "tokens": [51464, 10111, 31223, 35771, 3330, 227, 4132, 3225, 2972, 30, 51564], "temperature": 0.0, "avg_logprob": -0.5221636801054983, "compression_ratio": 1.1142857142857143, "no_speech_prob": 0.3012242317199707}, {"id": 14, "seek": 8496, "start": 85.96, "end": 87.96, "text": "\u3044\u3084\u3001\u5f85\u3061\u5408\u308f\u305b\u3053\u3053\u3060\u3088", "tokens": [50414, 18524, 1231, 18390, 6574, 14245, 9206, 13702, 23509, 5362, 5591, 50514], "temperature": 0.0, "avg_logprob": -0.6159802012973361, "compression_ratio": 1.024390243902439, "no_speech_prob": 0.06927668303251266}, {"id": 15, "seek": 8496, "start": 87.96, "end": 89.96, "text": "\u6771\u5317\u30b7\u30cd\u30de\u30ba\u306e", "tokens": [50514, 18413, 26668, 11054, 1047, 235, 13258, 29061, 2972, 50614], "temperature": 0.0, "avg_logprob": -0.6159802012973361, "compression_ratio": 1.024390243902439, "no_speech_prob": 0.06927668303251266}, {"id": 16, "seek": 8496, "start": 96.96, "end": 98.96, "text": "\u3067\u3001\u770c\u5730\u3092", "tokens": [50964, 2474, 1231, 2862, 234, 10928, 5998, 51064], "temperature": 0.0, "avg_logprob": -0.6159802012973361, "compression_ratio": 1.024390243902439, "no_speech_prob": 0.06927668303251266}, {"id": 17, "seek": 8496, "start": 102.96, "end": 104.96, "text": "\u3064\u306a\u3063\u305f", "tokens": [51264, 9335, 3203, 10102, 51364], "temperature": 0.0, "avg_logprob": -0.6159802012973361,