{"text": "\u30c6\u30b9\u30c8\u7d42\u4e86", "segments": [{"id": 0, "seek": 0, "start": 0.0, "end": 5.0, "text": "\u30c6\u30b9\u30c8\u7d42\u4e86", "tokens": [50364, 22985, 40498, 29371, 2289, 50614], "temperature": 0.0, "avg_logprob": -0.5329836777278355, "compression_ratio": 0.625, "no_speech_prob": 0.5806565284729004}], "language": "ja"}